modifierId,order,target
#효과(Modifier) 룬 ID,순서,효과가 적용되는 대상 룬 ID(Behavior·프리셋 호출). 없는 조합은 효과·비용 없이 무시
mod.amplify,0,behavior.launch
mod.amplify,1,behavior.burst
mod.amplify,2,behavior.orbit
mod.amplify,3,behavior.persist
mod.amplify,4,behavior.apply
mod.amplify,5,spell.call
mod.multi,0,behavior.launch
mod.multi,1,behavior.burst
mod.multi,2,behavior.orbit
mod.multi,3,behavior.persist
mod.multi,4,spell.call
mod.pierce,0,behavior.launch
mod.pierce,1,spell.call
mod.homing,0,behavior.launch
mod.homing,1,spell.call
mod.expand,0,behavior.launch
mod.expand,1,behavior.burst
mod.expand,2,behavior.orbit
mod.expand,3,behavior.persist
mod.expand,4,spell.call
mod.duration,0,behavior.launch
mod.duration,1,behavior.orbit
mod.duration,2,behavior.persist
mod.duration,3,behavior.apply
mod.duration,4,spell.call
mod.speed,0,behavior.launch
mod.speed,1,behavior.orbit
mod.speed,2,spell.call
