id,name,category,ram,energy,energyMult,unlockType,unlockCost
"#룬 ID(고유, 저장 데이터가 참조하므로 변경 금지)",표시 이름,카테고리(문법 구조),점유 RAM,기본 에너지 비용,에너지 배율,해금 방식(start/bench/reward),해금 비용
core.cast,시작 조건,core,0,0,1,start,0
form.bolt,볼트,internal,1,8,1,start,0
form.burst,버스트,internal,1,10,1,start,0
form.orbit,오비트,internal,2,14,1,start,0
form.zone,존,internal,2,16,1,start,0
elem.fire,화염,internal,1,2,1,start,0
elem.ice,냉기,internal,1,2,1,start,0
elem.arc,전격,internal,1,2,1,start,0
mod.amplify,효과 증폭,modifier,1,0,1.4,start,0
mod.multi,다중,modifier,1,0,1.8,start,0
mod.pierce,관통,modifier,1,0,1.2,bench,30
mod.homing,유도,modifier,1,0,1.2,bench,50
mod.expand,확장,modifier,1,0,1.2,bench,30
mod.speed,속도,modifier,1,0,1.15,bench,20
flow.delay,지연,flow,1,0,1,start,0
flow.repeat,반복,flow,1,0,1,bench,40
flow.if,조건,flow,1,0,1,bench,60
magic.inline,직접 마법,internal,0,0,1,start,0
spell.call,마법 메소드,method,1,0,1,start,0
mod.duration,지속시간,modifier,1,0,1,start,0
shape.sphere,구형,shape,0,0,1,start,0
shape.box,사각,shape,0,0,1,start,0
element.neutral,일반,element,0,0,1,start,0
element.fire,화염,element,1,0,1,start,0
element.lightning,전격,element,1,0,1,bench,40
element.ice,얼음,element,1,0,1,bench,25
element.healing,회복,element,1,0,1,start,0
element.protection,보호,element,1,0,1,start,0
behavior.launch,발사,behavior,1,0,1,start,0
behavior.burst,폭발,behavior,1,0,1,start,0
behavior.orbit,공전,behavior,2,0,1,start,0
behavior.persist,잔류,behavior,2,0,1,bench,35
behavior.apply,적용,behavior,2,0,1,bench,35
