runeId,paramId,order,option
#룬 ID,파라미터 ID,표시 순서,선택지 값
core.cast,trigger,0,attack
core.cast,trigger,1,move
core.cast,trigger,2,dashInput
core.cast,trigger,3,dashComplete
core.cast,trigger,4,hit
flow.if,type,0,targetHpBelow
flow.if,type,1,targetHasStatus
flow.if,type,2,targetDistanceBelow
flow.if,type,3,selfHpBelow
flow.if,status,0,burn
flow.if,status,1,chill
flow.if,status,2,freeze
flow.if,status,3,emp
magic.inline,magicType,0,sphere
magic.inline,magicType,1,box
magic.inline,magicType,2,buff
magic.inline,element,0,normal
magic.inline,element,1,fire
magic.inline,element,2,electric
magic.inline,element,3,ice
magic.inline,element,4,heal
magic.inline,element,5,protection
magic.inline,form,0,launch
magic.inline,form,1,explosion
magic.inline,form,2,orbit
magic.inline,form,3,remain
