runeId,order,portId,kind,direction,max
#룬 ID,표시 순서,포트 ID(문법 구조),종류(exec/mod/chain),방향(in/out),최대 연결 수(0=제한 없음)
core.cast,0,exec,exec,out,0
form.bolt,0,exec,exec,in,1
form.bolt,1,mod,mod,in,0
form.bolt,2,onHit,exec,out,0
form.bolt,3,onExpire,exec,out,0
form.bolt,4,onFirstHitOrExpire,exec,out,0
form.burst,0,exec,exec,in,1
form.burst,1,mod,mod,in,0
form.burst,2,onHit,exec,out,0
form.burst,3,onExpire,exec,out,0
form.burst,4,onFirstHitOrExpire,exec,out,0
form.orbit,0,exec,exec,in,1
form.orbit,1,mod,mod,in,0
form.orbit,2,onHit,exec,out,0
form.orbit,3,onExpire,exec,out,0
form.orbit,4,onFirstHitOrExpire,exec,out,0
form.zone,0,exec,exec,in,1
form.zone,1,mod,mod,in,0
form.zone,2,onHit,exec,out,0
form.zone,3,onExpire,exec,out,0
form.zone,4,onFirstHitOrExpire,exec,out,0
elem.fire,0,mod,mod,out,0
elem.ice,0,mod,mod,out,0
elem.arc,0,mod,mod,out,0
mod.amplify,0,mod,mod,out,0
mod.multi,0,mod,mod,out,0
mod.pierce,0,mod,mod,out,0
mod.homing,0,mod,mod,out,0
mod.expand,0,mod,mod,out,0
mod.speed,0,mod,mod,out,0
flow.delay,0,exec,exec,in,1
flow.delay,1,then,exec,out,0
flow.repeat,0,exec,exec,in,1
flow.repeat,1,body,exec,out,0
flow.if,0,exec,exec,in,1
flow.if,1,then,exec,out,0
flow.if,2,else,exec,out,0
magic.inline,0,exec,exec,in,1
magic.inline,1,mod,mod,in,0
magic.inline,2,onHit,exec,out,0
magic.inline,3,onExpire,exec,out,0
magic.inline,4,onFirstHitOrExpire,exec,out,0
spell.call,0,exec,exec,in,1
spell.call,1,mod,mod,in,0
spell.call,2,onHit,exec,out,0
spell.call,3,onExpire,exec,out,0
spell.call,4,onFirstHitOrExpire,exec,out,0
mod.duration,0,mod,mod,out,0
type.sphere,0,exec,exec,in,1
type.sphere,1,next,chain,out,1
type.box,0,exec,exec,in,1
type.box,1,next,chain,out,1
type.buff,0,exec,exec,in,1
type.buff,1,next,chain,out,1
element.normal,0,in,chain,in,1
element.normal,1,next,chain,out,1
element.fire,0,in,chain,in,1
element.fire,1,next,chain,out,1
element.electric,0,in,chain,in,1
element.electric,1,next,chain,out,1
element.ice,0,in,chain,in,1
element.ice,1,next,chain,out,1
element.heal,0,in,chain,in,1
element.heal,1,next,chain,out,1
element.protection,0,in,chain,in,1
element.protection,1,next,chain,out,1
shape.launch,0,in,chain,in,1
shape.launch,1,mod,mod,in,0
shape.launch,2,onHit,exec,out,0
shape.launch,3,onExpire,exec,out,0
shape.launch,4,onFirstHitOrExpire,exec,out,0
shape.explosion,0,in,chain,in,1
shape.explosion,1,mod,mod,in,0
shape.explosion,2,onHit,exec,out,0
shape.explosion,3,onExpire,exec,out,0
shape.explosion,4,onFirstHitOrExpire,exec,out,0
shape.orbit,0,in,chain,in,1
shape.orbit,1,mod,mod,in,0
shape.orbit,2,onHit,exec,out,0
shape.orbit,3,onExpire,exec,out,0
shape.orbit,4,onFirstHitOrExpire,exec,out,0
shape.remain,0,in,chain,in,1
shape.remain,1,mod,mod,in,0
shape.remain,2,onHit,exec,out,0
shape.remain,3,onExpire,exec,out,0
shape.remain,4,onFirstHitOrExpire,exec,out,0
