runeId,order,paramId,kind,min,max,step,defaultNumber,defaultText
#룬 ID,표시 순서,파라미터 ID,종류(number/enum/text),최소,최대,증감 단위,숫자 기본값,문자 기본값
core.cast,0,trigger,enum,0,0,0,0,attack
mod.expand,0,sizeScale,number,0.5,3,0.1,1.5,
mod.speed,0,speedScale,number,0.5,3,0.1,1.5,
flow.delay,0,seconds,number,0.1,3,0.1,0.5,
flow.repeat,0,times,number,2,6,1,3,
flow.repeat,1,interval,number,0.1,1,0.05,0.15,
flow.if,0,type,enum,0,0,0,0,targetHpBelow
flow.if,1,pct,number,1,100,1,50,
flow.if,2,status,enum,0,0,0,0,burn
flow.if,3,px,number,1,1000,10,160,
magic.inline,0,magicType,enum,0,0,0,0,sphere
magic.inline,1,element,enum,0,0,0,0,normal
magic.inline,2,form,enum,0,0,0,0,launch
magic.inline,3,power,number,1,100,1,20,
magic.inline,4,buffDuration,number,1,30,0.5,5,
spell.call,0,spellId,text,0,0,0,0,
mod.duration,0,durationScale,number,0.5,3,0.1,1.5,
element.heal,0,power,number,1,100,1,20,
element.heal,1,buffDuration,number,1,30,0.5,5,
element.protection,0,power,number,1,100,1,20,
element.protection,1,buffDuration,number,1,30,0.5,5,
