runeId,damage,speed,radius,lifetime,offset,count,orbitCount,orbitRadius,angularSpeed,hitInterval,tickInterval,damageMultiplier,radiusMultiplier,pierce,pierceLoss,homingTurn,homingRange,arcRange,arcTargets,arcMultiplier,learningMultiplier,spreadAngle,shieldAmount,shieldSeconds,coneAngle,expandSeconds,warnSeconds
#룬 ID,피해,투사체 속도(px/s),충돌 반경(px),수명(초),생성 거리(px),생성 개수,궤도 개체 수,궤도 반경(px),궤도 각속도(도/s),재적중 간격(초),지속 피해 간격(초),피해 배율(빈칸=1),반경 배율(빈칸=1),관통 수,관통당 피해 감소율,유도 회전(도/s),유도 탐색 거리(px),전격 연쇄 거리(px),전격 연쇄 대상 수,전격 연쇄 피해 배율,적응 학습 배율(빈칸=1),다중 발사 각도(도),보호막량,보호막 지속(초),부채꼴 각도(도),,
core.cast,,,,,,,,,,,,,,,,,,,,,,,,,,,
form.bolt,10,480,6,1.4,,1,,,,,,,,,,,,,,,,,,,,,
form.burst,14,,70,,120,1,,,,,,,,,,,,,,,,,,,,0.3,
form.orbit,6,,8,4,,2,,52,240,0.4,,,,,,,,,,,,,,,,,
form.zone,4,,90,4,180,1,,,,,0.5,,,,,,,,,,,,,,,,0.5
elem.fire,,,,,,,,,,,,,,,,,,,,,,,,,,,
elem.ice,,,,,,,,,,,,,,,,,,,,,,,,,,,
elem.arc,,,,,,,,,,,,,,,,,,110,2,0.5,,,,,,,
mod.amplify,,,,,,,,,,,,1.5,,,,,,,,,,,,,,,
mod.multi,,,,,,3,4,,,,,0.7,,,,,,,,,,12,,,,,
mod.pierce,,,,,,,,,,,,,,2,0.1,,,,,,,,,,,,
mod.homing,,,,,,,,,,,,,,,,140,300,,,,,,,,,,
mod.expand,,,,,,,,,,,,0.85,1.5,,,,,,,,,,,,,,
mod.speed,,,,,,,,,,,,,,,,,,,,,,,,,,,
flow.delay,,,,,,,,,,,,,,,,,,,,,,,,,,,
flow.repeat,,,,,,,,,,,,,,,,,,,,,,,,,,,
flow.if,,,,,,,,,,,,,,,,,,,,,,,,,,,
magic.inline,,,,,,,,,,,,,,,,,,,,,,,,,,,
spell.call,,,,,,,,,,,,,,,,,,,,,,,,,,,
mod.duration,,,,,,,,,,,,,,,,,,,,,,,,,,,
shape.sphere,,,,,,,,,,,,,,,,,,,,,,,,,,,
shape.box,,,,,,,,,,,,,,,,,,,,,,,,,,,
shape.cone,,,,,,,,,,,,,,,,,,,,,,,,,60,,
element.neutral,,,,,,,,,,,,,,,,,,,,,,,,,,,
element.fire,,,,,,,,,,,,,,,,,,,,,,,,,,,
element.lightning,,,,,,,,,,,,,,,,,,,,,,,,,,,
element.ice,,,,,,,,,,,,,,,,,,,,,,,,,,,
element.healing,,,,,,,,,,,,,,,,,,,,,,,,,,,
element.protection,,,,,,,,,,,,,,,,,,,,,,,,,,,
behavior.launch,,,,,,,,,,,,,,,,,,,,,,,,,,,
behavior.burst,,,,,,,,,,,,,,,,,,,,,,,,,,,
behavior.orbit,,,,,,,,,,,,,,,,,,,,,,,,,,,
behavior.persist,,,,,,,,,,,,,,,,,,,,,,,,,,,
behavior.apply,,,,,,,,,,,,,,,,,,,,,,,,,,,
